SKU,Price
BE425M,$59.39
BE600M1,$84.36
BE850M2,SKU Not Found
3S350,$61.52
3S550,$70.41
3S750,$98.63
BC350,$2859.39
AVR550U,$81.97
AVR750U,$116.48
PST5-350MT120,$57.29
PST5-500MT120,$66.99
PST5-850MT120,$92.72
CP350SLG,$50.25
CP550SLG,$64.17
CP750LCD,$89.34
BR700G,$142.29
BR1000MS,$179.80
BR1500MS,$254.76
BX1000M,SKU Not Found
BX1500M,SKU Not Found
5S700LCD,$118.63
5S1000LCD,$142.21
5S1500LCD,$189.61
OMNI650LCD,$144.26
SMART1000LCD,$175.80
SMART1500LCD,$229.42
CP600LCD,$80.46
CP1000AVRLCD,$143.42
CP1500AVRLCD,$196.82
CP1500PFCLCD,$246.98
SC420,$211.30
SC620,$282.24
SMC1000C,$380.10
SMC1500C,$489.17
5SC500,$182.26
5SC750,$263.87
5SC1000,$301.26
5SC1500,$388.48
BC600SINE,$167.06
SMART750,$821.33
SMART1050,$267.43
SMART1500,$537.44
OR750PFCLCD,SKU Not Found
OR1000PFCLCD,$291.76
OR1500PFCLCD,$365.77
SMT750RM2UC,$504.42
SMT1000RM2UC,$639.62
SMT1500RM2UC,$1076.20
SMT2200RM2UC,$1414.01
SMT3000RM2UC,$1646.37
5P750R,$555.64
5P1000R,$568.73
5P1500R,$864.68
5P2200RT,$1189.78
5P3000RT,$1425.55
5P750RC,$445.82
5P1000RC,$568.73
5P1500RC,$725.82
SMART750RM1U,$821.33
SMART1000RM2U,$560.01
SMART1500RM2U,$1006.11
SMART2200RM2U,$1329.69
SMART3000RM2U,$1503.15
PSI5-1000RM1201U,$667.42
PSI5-1500RM1201U,$798.01
PR750LCDRT1U,$421.11
PR1000LCDRT2U,SKU Not Found
PR1500LCDRT2U,SKU Not Found
PR2200LCDRT2U,SKU Not Found
PR3000LCDRT2U,SKU Not Found
SMT750C,$385.54
SMT1000C,$505.54
SMT1500C,$621.83
SMT2200C,$1082.38
SMT3000C,$1531.71
5P750,$555.64
5P1000,$568.73
5P1500,$864.68
5P2200,$1149.56
5P3000,$1259.12
SMART750SLT,$378.66
SMART1050SLT,$466.87
SMART1500SLT,$581.45
SMART2200NET,SKU Not Found
SMART3000NET,SKU Not Found
PSI5-750MT120,$334.60
PSI5-1100MT120,$430.26
PSI5-1500MT120,$498.16
PR750LCD,$375.76
PR1000LCD,$528.41
PR1500LCD,$480.20
PR2200LCD,$901.67
PR3000LCD,$1150.17
SMX1000,$598.20
SMX1500RM2U,$1490.07
SMX2000RMLV2U,$2160.01
SMX3000RMLV2U,$2462.64
5PX1000RT,$624.00
5PX1500RT,$834.74
5PX2200RT,$1618.25
5PX3000RT2U,$1966.42
SMART750RMXL2U,$565.97
SMART1500RMXL2UA,$767.59
SMART2200RMXL2U,$1103.99
SMART3000RMXL2U,$1271.81
PSI5-1100RT120,$611.75
PSI5-1500RT120,$799.19
PSI5-2200RT120,$1239.75
PSI5-3000RT120,$1581.28
PR1000LCDRTXL2UA,SKU Not Found
PR1500LCDRTXL2UN,SKU Not Found
PR2200LCDRTXL2U,SKU Not Found
PR3000LCDRTXL2UTAA,SKU Not Found
SRT1000RMXLA,$1040.30
SRT1500RMXLA,$1467.20
SRT2200RMXLA,$1983.35
SRT3000RMXLA,$3683.33
SRT5KRMXLT,$5834.62
SRT6KRMXLT,$6473.52
SRT8KRMXLT,$7716.40
SRT10KRMXLT,$9659.12
9PX700RT,$724.49
9PX1000RT,$910.34
9PX1500RT,$1585.48
9PX2000RT,$1908.65
9PX3000RT,$2999.21
9PX5K,$4056.00
9PX6K,$5226.54
9PX8K,$5840.79
9PX11K,$8951.04
SU750RTXLCD2U,$989.32
SU1000RTXLCD2U,$795.48
SU1500RTXLCD2U,$978.29
SU2200RTXLCD2U,$1469.50
SU3000RTXLCD3U,$1826.27
SU5000RT4UHV,$2997.12
SU6000RT4UHV,$3113.12
SU8000RT3U,$4579.92
SU10000RT3U,$4960.54
GXT5-750LVRT2UXL,$1165.57
GXT5-1000LVRT2UXL,$1349.48
GXT5-1500LVRT2UXL,$1668.05
GXT5-2000LVRT2UXL,$2106.95
GXT5-3000LVRT2UXL,$3330.76
GXT5-5000HVRT5UXL,$4314.81
GXT5-6000MVRT4UXLN,$5427.47
GXT5-8000HVRT5UXLN ,$5922.66
GXT5-10KHVRT5UXL,$6885.24
OL1000RTXL2U,$766.03
OL1500RTXL2U,$981.68
OL2200RTXL2U,$1398.22
OL3000RTXL2U,$1806.83
OL5KRTHD,$4091.47
OL6KRTHD,$4445.96
SRTL3KRM1UC,$3386.47
9PX1500RT-L,$2289.08
9PX2000RT-L,$2810.17
9PX3000RT-L,$4282.96
GXT5LI-1500LVRT2UXL,$2194.50
GXT5LI-2000LVRT2UXL,$2547.19
GXT5LI-3000LVRT2UXL,$3857.00
SRT1000XLA,$939.99
SRT1500XLA,$1278.16
SRT2200XLA,$1635.80
SRT2200RMXLI,$2302.97
SRT3000RMXLA,$3683.33
SRT3000RMXLW-IEC,$3254.07
9SX700,$659.66
9SX1000,$832.22
9SX1500,$1155.50
9SX2000,$1500.90
9SX2000G,$1500.90
9SX3000,$2470.54
9SX3000G,$2470.54
SU750XL,$517.67
SU1000XLCD,$677.70
SU1500XLCD,$885.03
SU2200XLCD,$1206.34
SU3000XLCD,$1629.16
SUINT3000XLCD,$1407.56
GXT5-750LVRT2UXL,$1165.57
GXT5-1000LVRT2UXL,$1349.48
GXT5-1500LVRT2UXL,$1668.05
GXT5-2000LVRT2UXL,$2106.95
GXT5-3000LVRT2UXL,$3330.76
OL1000RTXL2U,$766.03
OL1500RTXL2U,$981.68
OL2200RTXL2U,$1398.22
OL3000RTXL2U,$1806.83
OL3000RTXL2UHV,$2186.94
SYA4K8P,$8738.51
SYA8K8P,$11449.86
SYA12K16P,$21201.68
SYA16K16P,$23818.17
9PXM8S4K,$7027.58
9PXM8S8K,$9895.17
9PXM8S12K,$12890.04
9PXM8S16K,$11716.79
SYA4K8P,$8738.51
SYA8K8P,$11449.86
SYA12K16P,$21201.68
SYA16K16P,$23818.17
9PXM8S4K-PD,$7027.58
9PXM8S8K-PD,$10022.46
9PXM12S12K-PD,$13579.04
9PXM12S16K-PD,$16573.92
AP9567,$198.86
AP4450,$938.28
AP7541,$356.14
APDU9941,$1147.81
AP8841,$682.90
EPBZ73,$125.21
EATS115,$821.23
EBA110-10,$717.87
EMA107-10,$1227.48
EMI104-10,$601.04
PDUV15,$87.47
PDUMH15ATNET,$527.10
PDUMVR30HVNETLX,$1170.86
PDUMNV30HV2LX,$523.14
AR3100,$1593.05
AR3150,$1455.24
RSV4261B,SKU Not Found
RSV4281B,SKU Not Found
SR42UB,$1496.79
SR42UBWD,$2017.49
CR42U11001,$1878.38
SMTL1500RM3UC,$2461.86
5P1550GR-L,$1700.73
5P1500R-L,$1563.50
SMART1000RM2UL,$1261.54
SMART1500RM2UL,$1404.44
SMART2200RM2UL,$1747.43
PSI5-1500RT120LI,$1321.09
SRT10KXLTUS,$8625.21
K41012000000000,$11026.18
GXT5-10KMVRT6UXLN,$8039.23
SURT15KRMXLT-TF5,$14919.26
K41512000000000,$12594.35
GXT5-15KMVRT11UXLN,$12938.82
AS3C0NCXGNNXLKB,$17196.19
GVSUPS10KB2FS,SKU Not Found
SUVTP10KH1B4S,SKU Not Found
E3SUPS10KFBS,$6028.08
KA1012100000010,$14317.07
EXS101B0010A0A0,SKU Not Found
SUVTP15KF4B4S,$11063.43
GVSUPS15KB4FS,SKU Not Found
E3SUPS15KFBS,$7158.59
KA1512100000010,$15447.96
GVSUPS20KB2GS,SKU Not Found
E3SUPS20KFBS,$8285.18
KB2013100000010,SKU Not Found
M90-20k10BM,SKU Not Found
SUVTR30KF4B5S,$15556.38
GVSUPS30K0B5FS,SKU Not Found
E3SUPS30KFBS,$12890.16
KB3013100000010,$20520.00
53S30HCER200,SKU Not Found
